User_name,User_Title,User_Review,User_Helpful,User_Date,User_Location,User_Stars
Airborne,Stephen Fry > Jim Dale,Jim Dale's character voices were no where near as good as Stephen Fry's and I immediately went online to find the older audio books.,31,13 de junio de 2021,Estados Unidos,1
kimbacaffeinate,Dale does a wonderful job bringing these characters to life,"t was wonderful revisiting this story. The last time I did a reread was when I bought the illustrated edition and of course, it all started with me looking at the beautiful illustrations and the next thing you know I was lost to this world. Honestly, it never gets old.
Rowling‚Äôs writing is marvelous from pacing to her ability to express the character‚Äôs emotions. I know there are folks who have not yet read the series (gasps). I, of course, cannot recommend them enough regardless of format. The movies are brilliant, but only scratch the surface of what the books and audios have to offer. If you love Harry Potter but have never tried audio, this is the perfect time to listen.",34,20 de julio de 2017,Estados Unidos,5
wayne t.,Delightful,Excellent story and the narrator made it even better. I have avoided these books because I thought they were too young for me but I truly enjoyed this! Will definitely listen to more!,11,29 de octubre de 2019,Estados Unidos,5
Karen Compton,Loved,"I loved listening to this book! I read the series years ago and have seen the movies, but listening brings them to life againüòÑ I just wish the series was included in my kindle unlimited membership. The other books are way to expensive to listen to, so this will be my only one I‚Äôm afraid. I still loved listening to Book 1!",8,1 de enero de 2020,Estados Unidos,5
Gregorus S. Davis,"Overall the narrator does a good job, although his voice for Hermione is pretty ...","I purchased it for a road trip and it kept the kids entertained the entire time, even though they've read the book before. Overall the narrator does a good job, although his voice for Hermione is pretty whiny. It got grating very quickly and if the kids hadn't wanted to finish listening I probably wouldn't have made it all the way through. I've heard he does a better job in the subsequent books.",9,17 de junio de 2018,Estados Unidos,3
Juss B,I finally decided to read them but felt better about the audiobook,"My wife is the big fan of series.
I finally decided to read them but felt better about the audiobook.
I have watched movie couple of times over years and feel although the movie is well made and mostly true to book but are no match.
Book does excellent job building excitement around new and magical things before revealing them.
Characters are very well defined and a lot of extra stuff in books if you are like me and have just watched movies.",6,30 de marzo de 2018,Estados Unidos,5
DanCraChe,Great,I watched movie üé• but never read the book. This is a great audiobook. Hopefully there‚Äôs whole series,3,26 de noviembre de 2020,Estados Unidos,5
trisha Carpenter,Awesome,"Best series ever, there's one guy who does narrating he is very good.",2,4 de septiembre de 2021,Estados Unidos,5
Katherine masterson,It‚Äôs a yes for me!,We opted for this in audible for my 6 year old son to listen to at bedtime! It‚Äôs wonderful he loves it and it keeps his attention and calms him down before bed.,,4 de noviembre de 2020,Estados Unidos,5
Jessica Long,Perfect for commutes!,Great book to listen to on long trips. I‚Äôve also read them a few times but the voices Jim uses are all amazing and very engaging with the story.,3,1 de julio de 2019,Estados Unidos,5
Amazon Customer,Narration leaves you wanting more,"The book, of course, is good. Most people know what they're getting into when they start their journey into the World of Witchcraft & Wizardry. That being said, the narration is less than admirable.
There's very little emotion and fluctuation in his voice. ""Dursleys!"", Hagrid said in a BOOM. A BOOM, not a monotone drawl that sounds like a boy whispering so they don't wake someone nearby.
I'm satisfied with the speed of the narration. Enunciation is good, but there are several instances that leave me wanting more.",2,28 de marzo de 2018,Estados Unidos,3
chris cunningham,Love Harry Potter!!!,"I listened to Harry Potter book 1 & 2 and I am now listening to book 3. I have enjoyed them very much. I have read them before, years ago and I am now reliving all the fun those books were to listen to. Thank you very much.",4,29 de octubre de 2018,Estados Unidos,5
Caroline Kelly,Harry potter,Harry Potter is one of the best series. Love the narration and the stories.,,22 de noviembre de 2019,Estados Unidos,5
KRM,Audible Version Perfect & Awesome,This is an Audible version I'm reviewing and it was awesome! If there was anything different from the American versions of the books I didn't notice nor did I care. It's a truly loved story and the narration was excellent.,,18 de marzo de 2018,Estados Unidos,5
Tammy Weis,Love,Love the ENTIRE series!!,,27 de marzo de 2021,Estados Unidos,5
Tiffany,Great read aloud,Perfect for listening in the classroom.,,29 de febrero de 2020,Estados Unidos,5
Jerzyte,Excellent Book - Excellent Reader,"Of course the book was great, but also the reader did an outstanding job animating the voices of the characters.",,3 de enero de 2019,Estados Unidos,5
Hazel,Enjoyable for whole family,"Love audiobooks because the whole family can ""read along"" at the same time in the living room. Currently listening with 2 teenagers and a 9-year old- everyone is enjoying the book and looking forward to the future volumes.",,23 de marzo de 2018,Estados Unidos,5
Stampin Frau,Fantastic narration,"My kids and I listened to this audiobook. Not only is the story captivating, but the narrator is absolutely amazing changing voices for every character that sound authentic and make the story come alive.",,17 de enero de 2020,Estados Unidos,5
Sarah A. Minnis,These audiobooks are amazing! Jim Dale is our favorite narrator,These audiobooks are amazing! Jim Dale is our favorite narrator. He does a unique voice for each of the many characters and performs them consistently throughout the entire series. Incredible performance!,,12 de marzo de 2018,Estados Unidos,5
Airborne,Stephen Fry > Jim Dale,Jim Dale's character voices were no where near as good as Stephen Fry's and I immediately went online to find the older audio books.,31,13 de junio de 2021,Estados Unidos,1
kimbacaffeinate,Dale does a wonderful job bringing these characters to life,"t was wonderful revisiting this story. The last time I did a reread was when I bought the illustrated edition and of course, it all started with me looking at the beautiful illustrations and the next thing you know I was lost to this world. Honestly, it never gets old.
Rowling‚Äôs writing is marvelous from pacing to her ability to express the character‚Äôs emotions. I know there are folks who have not yet read the series (gasps). I, of course, cannot recommend them enough regardless of format. The movies are brilliant, but only scratch the surface of what the books and audios have to offer. If you love Harry Potter but have never tried audio, this is the perfect time to listen.",34,20 de julio de 2017,Estados Unidos,5
wayne t.,Delightful,Excellent story and the narrator made it even better. I have avoided these books because I thought they were too young for me but I truly enjoyed this! Will definitely listen to more!,11,29 de octubre de 2019,Estados Unidos,5
Karen Compton,Loved,"I loved listening to this book! I read the series years ago and have seen the movies, but listening brings them to life againüòÑ I just wish the series was included in my kindle unlimited membership. The other books are way to expensive to listen to, so this will be my only one I‚Äôm afraid. I still loved listening to Book 1!",8,1 de enero de 2020,Estados Unidos,5
Gregorus S. Davis,"Overall the narrator does a good job, although his voice for Hermione is pretty ...","I purchased it for a road trip and it kept the kids entertained the entire time, even though they've read the book before. Overall the narrator does a good job, although his voice for Hermione is pretty whiny. It got grating very quickly and if the kids hadn't wanted to finish listening I probably wouldn't have made it all the way through. I've heard he does a better job in the subsequent books.",9,17 de junio de 2018,Estados Unidos,3
Juss B,I finally decided to read them but felt better about the audiobook,"My wife is the big fan of series.
I finally decided to read them but felt better about the audiobook.
I have watched movie couple of times over years and feel although the movie is well made and mostly true to book but are no match.
Book does excellent job building excitement around new and magical things before revealing them.
Characters are very well defined and a lot of extra stuff in books if you are like me and have just watched movies.",6,30 de marzo de 2018,Estados Unidos,5
DanCraChe,Great,I watched movie üé• but never read the book. This is a great audiobook. Hopefully there‚Äôs whole series,3,26 de noviembre de 2020,Estados Unidos,5
trisha Carpenter,Awesome,"Best series ever, there's one guy who does narrating he is very good.",2,4 de septiembre de 2021,Estados Unidos,5
Katherine masterson,It‚Äôs a yes for me!,We opted for this in audible for my 6 year old son to listen to at bedtime! It‚Äôs wonderful he loves it and it keeps his attention and calms him down before bed.,,4 de noviembre de 2020,Estados Unidos,5
Jessica Long,Perfect for commutes!,Great book to listen to on long trips. I‚Äôve also read them a few times but the voices Jim uses are all amazing and very engaging with the story.,3,1 de julio de 2019,Estados Unidos,5
Amazon Customer,Five Stars,I've read the books but now can listen while driving. Makes trips fly by.,,7 de febrero de 2018,Estados Unidos,5
NewRetirement,but of course the book is great. This audio version is good,Too expensive in my opinion... but of course the book is great. This audio version is good...,,2 de abril de 2018,Estados Unidos,4
Barry Bailey,If you a Potter fan give this a listen,Love Harry Potter. Great story and the narrator was great.,,24 de marzo de 2018,Estados Unidos,5
Tessa Gerhart-Ball,Good Quality,Good Quality,,4 de noviembre de 2019,Estados Unidos,5
Maria Langella Sorgie,Great Audio,Jim Dale is amazing! One of the best sudiobooks i have heard!,,27 de marzo de 2018,Estados Unidos,5
Gary Lutz,Love it !,Works well on Echo....Very Pleased,,14 de febrero de 2018,Estados Unidos,5
Angeles christanova,Five Stars,childhood memories,,12 de abril de 2018,Estados Unidos,5
Shelly S,Five Stars,Amazing üòç,,13 de marzo de 2018,Estados Unidos,5
Rick Thomas,good listen,I know the story but it's great hearing it again.,,13 de marzo de 2018,Estados Unidos,5
alan patke,Five Stars,Jim does a fantastic job narrating. Addicted already,,11 de marzo de 2018,Estados Unidos,5
Alex,Five Stars,My kids are LOVING this!,,9 de febrero de 2018,Estados Unidos,5
Heather S.,He is amazing,Jim Dale is amazing! His voices are so fantastic that you won't want to get out of the car!,,3 de julio de 2019,Estados Unidos,5
asM,Superlative reading,What a rock star that Jim Dale is!,,3 de noviembre de 2017,Estados Unidos,5
Lfake,Great audio book!,Jim Dale is a great narrator with all the different character voices.,,27 de octubre de 2018,Estados Unidos,5
ctrudie,Five Stars,I‚Äôve read the book and really like the audio.,,30 de octubre de 2017,Estados Unidos,5
Marcia,Five Stars,This is a great book to listen to while I quilt. I absolutely love the narrator‚Äôs voice!!,,19 de febrero de 2018,Estados Unidos,5
Joe M.,Stuff,Sweet,,18 de enero de 2019,Estados Unidos,5
Ankur,My first audio book. Its amazing..!!,It's an amazing book. The audio is very nice and the explanation is very beautiful.,,12 de marzo de 2018,Estados Unidos,5
Heidi Shuler,Five Stars,Loved. Excellent different character voices!!,,12 de marzo de 2018,Estados Unidos,5
kris,Five Stars,Great book!!,,21 de marzo de 2018,Estados Unidos,5
Living in the sticks,Great weekend distraction,"I have wanted to read these books for many years. What a treat to have it read to me. The narrator, Jim Dale, is fabulous. There is so much character in his voice. And of course, the story is great or there wouldn't have been many other books and movies made.",,19 de diciembre de 2017,Estados Unidos,5
Edgar A,Five Stars,Very Nice,,25 de octubre de 2017,Estados Unidos,5
AMarie,Five Stars,This book is amazing.,,7 de noviembre de 2017,Estados Unidos,5
Nicole Benjamin,Five Stars,Great audio book!,,3 de noviembre de 2017,Estados Unidos,5
Amazon Customer,Five Stars,"I love this book, classic!",,14 de agosto de 2017,Estados Unidos,5
Amazon Customer,but I enjoyed it so much,"I was hoping to spread this out to a couple of weeks, but I enjoyed it so much, I listened to it in a few days. Jim Dale does such a wonderful job narrating. His voice is soothing and easy to listen to and I love the voices he does for each character. I've read the books myself a dozen times, but it's nice to be able to listen while doing something else.",,16 de octubre de 2017,Estados Unidos,5
William Dobbs,Five Stars,Way better then the movies,,7 de septiembre de 2017,Estados Unidos,5
Anila Patel,Five stars!,Loveeeeeee,,17 de agosto de 2017,Estados Unidos,5
mommytime365,Perfect for a Family Road Trip,"We went on a 3 day road trip, and the whole family enjoyed this. When given a choice over music and or Harry Potter they all chose to hear this book! Jim Dale is a wonderful narrator, very captivating.",,3 de enero de 2018,Estados Unidos,5
Axl Wolfe,Five Stars,I love this book,,5 de septiembre de 2017,Estados Unidos,5
Eric,Jim Dale is an awesome narrator and even does the voices incredibly well,"Jim Dale is an awesome narrator and even does the voices incredibly well.
I love this book and cannot wait to download the remainder of the series.",,11 de enero de 2018,Estados Unidos,5
Lindsay D,I never got into these series but thought I'd give ...,"I never got into these series but thought I'd give the audiobook a try. The narrator is perfection and I am now hooked,",,5 de diciembre de 2017,Estados Unidos,5
Caroline,Fun.,I'm listening to the audible right now. It's great!,,15 de noviembre de 2017,Estados Unidos,4
Sofie Uhlending,Best audiobook series ever.,"Who doesn't like HP. Plus its narrated by Doyle, who is the literal voice of Harry Potter. He reads it so smoothly and with so many amazing voices that you can really immerse yourself in the book. This is a shorter one but its great for car rides or cleaning your house.",,28 de noviembre de 2017,Estados Unidos,5
Allison D.,Being able to listen to a favorite book while working on projects or traveling is so ...,Being able to listen to a favorite book while working on projects or traveling is so convenient. Harry Potter is one of my favorite series to listen to.,,6 de septiembre de 2017,Estados Unidos,5
Andrea K. Crosnier,"Even better, he's done every single Harry Potter book","if you've never heard Jim Dale read Harry Potter, you're in for a treat! Even better, he's done every single Harry Potter book, so the whole series is consistent. For us, the very best audible book experience available.",,13 de octubre de 2017,Estados Unidos,5
Kathy Cook,Five Stars,Love this book!!,,15 de octubre de 2017,Estados Unidos,5
Rachel Flint,I mean... it's just utterly fabulous. ...,I mean... it's just utterly fabulous. I can't believe how long I waited to finally experience the magical world of Harry Potter.,,5 de diciembre de 2017,Estados Unidos,5
Amazon Customer,Best!,"This is the best ever series of audio books. It is a new and exciting way to experience Harry Potter. The narrator, Jim Dale, brings the story to life in a remarkably thrilling manner.",,1 de enero de 2018,Estados Unidos,5
Mandy A. Carvin,Five Stars,Love this so much! The narrator is perfect,,11 de enero de 2018,Estados Unidos,5
Katie,Good,Great book,,5 de octubre de 2017,Estados Unidos,5
Robin Armstrong,Five Stars,Excellent story and beautifully performed.,,6 de octubre de 2017,Estados Unidos,5
Judy Mumford,This has the most excellent narrator. We were totally captivated through the whole ...,This has the most excellent narrator. We were totally captivated through the whole book by the voices he did for each character.,,18 de agosto de 2017,Estados Unidos,5
Joseph Burgo,Five Stars,Jim Dale is brilliant!,,29 de septiembre de 2017,Estados Unidos,5
J. Howie,KindleEbook and Audible versions do not sync.,"I of course love the books themselves, but I just spent a lot of money and don't feel I got what I paid for. The audible doesn't sync up with the Kindle ebook as most others do. My kids read the Kindle version while the audible version plays and it helps with their reading skills. With the price of these versions I would expect that to be a feature. Every other children's book I have purchased has that capability. I called and asked and the people at Amazon weren't very clear on when if ever this feature would be added. Strange. If your kids like to do as mine and read along with the narrator then this version isn't for you. Also I agree with some other reviewers. I wish we had the option of buying the English version. It sounds as if it would have been better.",4,19 de enero de 2016,Estados Unidos,2
Adan O,Five Stars,Good stuff.,,19 de enero de 2018,Estados Unidos,5
Amazon Customer,Five Stars,It‚Äôs amazing and Martin feeling left out in the movie got a love the book,,30 de noviembre de 2017,Estados Unidos,5
codingmtnbiker,Five Stars,Wonderful auditory rendition of Harry Potter.,,14 de septiembre de 2017,Estados Unidos,5
Kiza,Five Stars,‚≠êÔ∏è‚≠êÔ∏è‚≠êÔ∏è‚≠êÔ∏è‚≠êÔ∏è‚≠êÔ∏è,,2 de diciembre de 2017,Estados Unidos,5
Bp14tigers,Five Stars,Loce all Harry Potter!!!!,,12 de septiembre de 2017,Estados Unidos,5
Kevin D Danielson,Five Stars,Great book had it on cd. So much nicer to not to change cds,,7 de diciembre de 2017,Estados Unidos,5
Amazon Customer,Five Stars,Great audiobook,,11 de septiembre de 2017,Estados Unidos,5
Missmoji,Five Stars,very great book,,13 de noviembre de 2017,Estados Unidos,5
thomas barbarino,I love every read and listen as much as the first,"A huge piece of my childhood, I love every read and listen as much as the first!!!",,25 de enero de 2018,Estados Unidos,5
Michelle McParland,Five Stars,It was awesome!! Jim Dale‚Äôs narrating was incredible!,,13 de diciembre de 2017,Estados Unidos,5
Christopher Lacher,Five Stars,Nicely done.,,23 de agosto de 2017,Estados Unidos,5
BRENDA CLOSE,Five Stars,Excellent!,,9 de diciembre de 2017,Estados Unidos,5
Sara,Five Stars,Loved it!,,28 de enero de 2018,Estados Unidos,5
Julie,Five Stars,Amazing!,,1 de diciembre de 2017,Estados Unidos,5
James Cooper,Why doesn't it have Whisper Sync?,"The book is obviously great. Jim Dale is obviously great. But why in the heck doesn't this book support Whisper Sync... Pottermore and Amazon have been working together a long time. This is basically the most popular series of all time, I cant figure our why they wouldn't supper whisper sync.",2,15 de febrero de 2017,Estados Unidos,2
Joyelle Gilliam,He does a terrible job reading and talk slow every time someone says ...,He does a terrible job reading and talk slow every time someone says something insulting and drawls too much. I like the movie and if he saw it then he should mimick their emotions from the movie not his own interpretation or wherever he‚Äôs getting these ideas from,,8 de diciembre de 2017,Estados Unidos,1
MicasReads,The beginning of an amazing story,"Harry Potter was left on his aunt's doorstep when he was a baby and was treated poorly but never understood why. Fast forward to Harry's 11th birthday and he begins to receive odd-looking letters that his uncle gets rid of. When he takes the family away to get away from the onslaught of letters, they are surprised when a giant named Hagrid comes knocking. Hagrid introduces Harry to his true home - Hogwarts. While at Hogwarts Harry learns the story behind his parents' untimely death as well as the scar on his forehead. Harry also comes face to face with the man who tried to kill him - Lord Voldemort. This becomes the first of many encounters between Harry and his sworn enemy.
I have read this book many times but this was my first time listening to a narrator tell the story and I found it very enjoyable. Any adventure into Hogwarts is worth it to me. I know that there are many issues with supporting J.K. Rowling due to her transphobic post but please note this audiobook was borrowed from the library and not purchased so as not to add to her wealth.",,2 de marzo de 2022,Estados Unidos,4
darswords,,,,,,
Cory E.,For all ages...,"As I am in my late 40's, I seriously didn't think I was going to like reading the HP series. I initially thought I was too old for the series and that it wouldn't interest me in the slightest. Boy, was I wrong! The HP series is one of the best series I've ever read in my life. I'd put it right up there with James Herriott's All Creatures series, Frank Hebert's Dune series, Jan Karon's Mitford series, or George R.R. Martin's GOT series. YES, I'm aware that the series I just rattled off are all distinctly different, but that's kind of my point... each series has its' own individual style/flavor/flair, but they are ALL enjoyable series for one reason or another and in one way or another.
If you somehow think you're too old to read Harry Potter, I SERIOUSLY urge you to reconsider. I honestly do not think this series has any sort of ""age limit"".",,31 de agosto de 2020,Estados Unidos,5
Alan Montgomery,Wonderful listening,"In some audio books, I find the volume goes in and out. In a car, that doesn't work. Here, Jim Dale does a very good job reading the first book. *I have heard volume 2, also, but it will take a while to get through the whole series.) In some cases Jim Dale's adult male voice doesn't quite reach the characters - Hermione or Petunia. But Vernon sounds remarkably like the movie. His Snape is different than Alan Rickman, but compelling anyhow. His pacing is natural and yet not overly hurried. My quibble is that, in some of the chapters, they could have included the end of the chapter on one cd, but put the ending on the next. This is true from CD1 into CD2, and 2 into CD3. Each CD in the first two volumes holds about 70-74 minutes. I'm enjoying listening a great deal. Although I just purchased the CDs, the covers are the original artwork, not the new ones shown.",,19 de octubre de 2019,Estados Unidos,5
Big Ox,English would have been nice.. wasted time,"I don't speak French. With my bad eyes, I didn't see that the books were in French. Why would they even be listed as the first ones on the list since this is the U.S. where we mostly speak English or Spanish? Why waste my time and the ""free"" offer with books in a language I don't understand. Colossal waste of my time. Thanks for NOTHING!!",2,16 de julio de 2020,Estados Unidos,1
Richard Dana,Best series in Audible,"Let me begin by saying that I consider myself to be a old time scientist I in my mid 60‚Äôs I initially read the Harry Potter series when it first came out. When I heard about this series, I decided, since I had Audible, to try it.
WOW!
The gentleman performing the series ( and he is a trained actor), is nothing less than amazing. Some of his boices are nearly identical to the actors in the movies. When the day is just too hard, and I need a break- this series is what I turn to. It reminds me of my childhood again. Very highly recommended.",,14 de diciembre de 2020,Estados Unidos,5
iiiireader,,,,,,
ZuzuLily,The Narrator is Excellent!,"I am not through the book yet, but have seen the movies. I was hesitant about the books. However, this is the way to go! I just love the narrator. He is so expressive and has different tones with different people. Just so enjoyable. I have intended upon going through all of the Harry Potter books and am hoping the same narrator is with all of them! I put them on to go to sleep with Audible but find they are so fascinating I can't go to sleep. Oh, well! I am having a great time with it all. Please don't hesitate to purchase this audio book. You will just love it!",,5 de abril de 2021,Estados Unidos,5
'chelle,"A Magical Tale, Beautifully Narrated","At first I was disappointed to learn that the UK version was read by Stephen Fry, but the US version was by Jim Dale. As much as I love Mr. Fry, I am disappointed no longer. Mr. Dale performs this book so well that I find myself loving the audio even more than the print version.
There's nothing more I can say about Harry Potter. After all, we're talking about possibly the most well known story in the world. It's a magnificent fantasy tale. I wished I'd been able to grow up with it as a generation of fortunate children did. The audio is fabulous.",,7 de diciembre de 2019,Estados Unidos,4
Amazon Customer,A Good But Shallow Story,"What is left to say about this book? Since its initial printing in 1998, with 120 million copies purchased, it has become the greatest selling book of all time. Sparking a franchise that saw heights of popularity never dreamed of by other authors. Even if you have not read a page of the books, you have very likely seen at least one of the movies that was spawned from them, as evidenced by the fact that the eight films themselves made over $7 billion worldwide. All of this served to make Harry Potter creator JK Rowling worth $1 billion.
But what of Sorcerer‚Äôs Stone itself? It‚Äôs a very straightforward, simple story, about an 11 year old boy getting to go to wizard school and having adventures. Unlike other fantasy writers like JRR Tolkien, CS Lewis and Robert Heinlein, Rowling doesn‚Äôt spend too many pages describing Hogwarts or Diagon Alley so the world is not that large. For someone like me who wanted to see some world building, this was a little disappointing. But I am a man in his 30s who likes long books, with complex characters, storylines and conflicts that are often morally ambiguous. Obviously not Rowling‚Äôs intended audience.
For a child just starting to develop their imagination, this would be a fun and fairly quick read. Characters, while lacking depth, do serve their purpose by being likeable or unlikeable as Rowling intends and she does manage to wrap a coming-of-age tale into a kind of cat and mouse story, where Harry has to discover who the villain is before it's too late. Now that I have just finished the book, the red herring around the major plot arc seems a little too obvious and only works if you literally know nothing else about the series. The climax also felt a bit rushed, as if Rowling just wanted to be done. But again, for someone just looking for a fun story, the final reveal should be surprising and the ending satisfying.
Overall, this is a very easy book to get into and while I personally wish there was more character depth and more descriptions of the world, I ultimately think the Sorcerer‚Äôs Stone is meant to be a prelude for larger things to come, rather than trying to be a truly great standalone story.",,27 de junio de 2021,Estados Unidos,4
isabelita fordham,The Best,"Jim Dale is an excellent reader. The only problem with this reading He did it before the release of the movie and didn't have the voices down. The proceeding books He gets it prefect. He uses the Richard Harris Dumbledore in all the books and his Mcgonagall voice is perfect and well a Snape. I am and old man but enjoyed the books a lot. JK Rowling was worried that she didn't do a good job in the Deathly Hallows. Well it was an excellent final book. I only wish the Movie used her final battle with Voldemort it was much better then the Movie. But I don't think they could have found a better trio of kids to play the parts. Daniel Radcliffe , Emma Watson and Rupert Grint were amazing. I guess I'm off topic. This audio book is great check it out....",,3 de diciembre de 2019,Estados Unidos,5
Leona,I'm No Longer a Muggle!,"There was a time when I thought that Harry Potter and the Sorcerer‚Äôs Stone, and the rest of the series, would be something I‚Äôd never want to read, but after deciding that I didn‚Äôt want to miss one of the greatest books/series of my generation I picked it up. Since I‚Äôm sure this book has been reviewed within an inch of it‚Äôs life, I‚Äôll be brief in my thoughts.
After hearing that the movies, I‚Äôve watched them all, are nothing like the books, I didn‚Äôt know what to expect with Harry Potter and the Sorcerer‚Äôs Stone. Despite the fact that after finishing this, the first book, I realized the movie was a great adaptation. I can‚Äôt help but admit that I ended up loving the book more than the movie, something I never banked on.
While debating on how I was going to jump into this series I ran across the audiobooks that Audible practically shoved in my face every time I would visit the site. Listening to that five minute sample of Harry Potter and the Sorcerer‚Äôs Stone sold me, I never had a chance, lol.
The characterization Jim Dale portrayed throughout the audiobook, made Harry Potter and the Sorcerer‚Äôs Stone pop better than I ever thought the story could. Better than the actors in the movie!
Since I have acquired the next four books in physical form I am still hesitant to read them. Maybe I‚Äôll pick up the audio for Harry Potter and the Chamber of Secrets and slowly begin to read the pages while I‚Äôm not on the go and have a moment to read.",,3 de abril de 2016,Estados Unidos,5
Bewitched Reader,Wonderful!,"Audiobook Review
The Harry Potter books are my all time favorite read and the books that turned me into a bibliophile. I've seen the movies countless times and read the books several times, but I have never listened to the audio books, until now. I have been very hesitant to listen to any audio books until recently and even still, I was nervous to listen to Harry Potter in audio. I was afraid the audio experience wouldn't be one I enjoyed and wouldn't do the books justice.
I was so happy to find out I was wrong after listening to the Sorcerer's Stone. Jim Dale did an outstanding job with the narration. I was seriously surprised that one person did so many unique and different voices throughout the story. It didn't feel like I was being read to at all, but instead like I was watching a movie and experiencing the story.",,29 de enero de 2019,Estados Unidos,5
Judi,Disappointing audible version,"Disappointed with audible version.
I've been reading ther book with my 7 year old grandson and decided to try thre audible for days I don't feel up to reading a chapter.
We're both disappointed with the voice and inflection. Granted we've only tried 2 chapters so far, but it has been disappointing. I expected more emotion, excitement. I will probably cancel audible.",,2 de febrero de 2021,Estados Unidos,3
Thomas,,,,,,
Jacqueline,Not a fan of Jim Dale's Narration,"I am revisiting this childhood favorite 14 years from my discovery of the enchanting world of wizards and muggles. J.K Rowling is an astonishing story teller and character mapper. I give this 3 stars for the Audible version, as Jim Dale is a poor narrator. All of his character voices from Harry to goblins to Dumbledore to Malfoy all sound generally the same, the only ""impressive""/passable one being that of Hagrid; his weakness truly lies in female character voices. I'm looking forward to revisiting this series, but not via Dale's narration. I much would have preferred JK's narration.",,4 de mayo de 2020,Estados Unidos,3
bonnie DALE keck,"audible, by Stephen Fry","audible, Harry Potter and the Philosopher's Stone, Book 1, Narrated by: Stephen Fry NOT jim dale which listened to all the free excerpts by him and no, no, no, all the voices squeaky and pretty much the same, on the other hand Fry is brill as usual, heard on stories.audible.com, and have heard a few of his others including Sherlock Holmes
By: Arthur Conan Doyle, Stephen Fry, would listen to anything even menu by Stephen Fry, Brian Blessing, or Tom Baker. Audible stories nor audible would let me rate, so here I am.
Ridiculous that audible nor audible stories will let me rate.",,1 de mayo de 2020,Estados Unidos,5
Kareem Alazmah,10-Oct,"This book was a journey full of surprises and new explorations in the wizarding world! I had so much fun reading and could not put the book down once I would pick it up. Harry Potter was such a unique and deep character who you truly feel for from start to finish of the book. His aunt Petunia and Uncle Vernon are so cruel to him and you start to wish that he was somewhere else and when Hagrid comes and picks him up, I felt a sense of relief for him. I was so invested in his past and how unusual it was for him as a baby to survive (he who must not be named) curse with only a scar. When you meet all the characters in the story, you begin to really see them through the perspective of Harry and have a sense of true friendship with Harry and Hermoine, and utter hate for characters like Draco Malfoy and his friends. Then there are the interesting characters like Professor Snape who you really do not know how to feel about because from the outside looking in he seems very mean and grumpy, but later on in the story you find out that he actually saved Harry from Lord Voldemort's curse in a game of Quidditch. Overall, I really enjoyed the story and you can even tell in this review I did as I cannot stop rambling about it and that is why I gave it 5 stars. I can't wait to read the rest of the stories in the series to see what other adventures there are for me to unfold in the life in the wizarding world. Life truly is Magical in Harry Potter and the Sorcerers Stone. 10/10 would recommend.",,23 de octubre de 2019,Estados Unidos,5
C. Minks,So much better than the movie.,"I just finished the audio book, and I was surprised how much better it is than the movie. So many things happened that they cut out for the movie. And the narrator, Jim Dale, does such a great job. He changes his voice for each character, and there is an actual difference. By the time you get about half way through the book you could tell who is speaking without him telling you, it's very nice and adds a lot of depth. I only wish I had waited to see the movies so I wouldn't have preconceived notions about how characters look. I find it hard to not picture the actors, as some of them look quite a bit different from the descriptions in the book. I can't wait to start book 2.",,7 de abril de 2018,Estados Unidos,5
Sharri_1992,The Magical World of Hogwarts Comes to Life With This Audiobook,"I purchased the audiobook of Harry Potter and The Socerer's Stone narrated by Jim Dale about 2 weeks ago. I was able to finish tonight. As I was listening to it I also followed along in my illustrated version of Harry Potter and The Sorcerer's Stone. It was nice to look at the pictures while listening to the story. It has been a long time since I read this book for the first time. I believe I was in the 3rd grade. I am now 24 and I have to say I am so glad I listened/read it again, especially at a older age. I was able to fully understand the magical world of Hogwarts and the Wizarding World that J.K. Rowling was able to create so beautifully. I love this story so much, and I love it even more after listening to it with this audio book. Jim Dale does a great job of narrating! His enthusiasm for narrating is obvious and he definitely puts a theatrical aspect into his narration, which I enjoyed.
The only negative thing I could say about this is the price of Amazon's audiobooks. I wish that they weren't so expensive. I will have to wait a week before I can purchase Harry Potter and The Chamber of Secrets.",,26 de marzo de 2016,Estados Unidos,5
Michelle Bradshaw,Absolutely FANTASTIC!,"I have been a fan of Harry Potter since it first came out. I have read all the books and watched the movies. I thought I would give Audible a try. I'm so glad I did! My eyes have truly been opened! It was such a fantastic experience! The narrator did an excellent job. I was hanging on to every word as if it was the first time I ever read it. For all you Harry Potter newbies I really suggest you give it a listen. J.K. Rowling knows her craft well. She has weaved an intricate story that will leave you gasping for more at the end of every chapter. I won't spoil anything, but I will say she has created such depth and back story with each character that you will want to know what happens to each of them. Her talent for descriptive words really painted a picture of what Hogwarts really looks like to me. I am super excited to listen to Chamber of Secrets on Audible next!",,26 de julio de 2018,Estados Unidos,5
Holly Lenz,Great book; great series!,"Harry Potter and the Sorcerer‚Äôs Stone is the terrific book that starts this wonderful series. It‚Äôs not perfect, but it‚Äôs really great and so much fun to introduce new readers to. My kids love the series.
The narration is fabulous- one of the best examples of audiobook narration out there.",,17 de agosto de 2021,Estados Unidos,5
Walruseen,"Superior, entrancing narrator!","Absolutely love listening to this version of Harry Potter. I read the books when they were first released in the US, watched the movies, and decided to try a different facet of enjoying the HP story. This audiobook encaptures the magicalness of Harry Potter down to the shift in character voices and at times sound effects. The narrator is phenomenal is his steadiness and reading. I would highly recommend this to life-long and new fans of HP alike!",,6 de mayo de 2019,Estados Unidos,5
Darren Olka,Reading while listening.,"I read the books a couple of years ago. However, I gave them up. I wanted to read again with my VoiceView screen reader on my Kindle, but it doesn't work anymore. I like to read it as I listen to it. It used to work a couple of weeks ago. Amazon tried to fix it, but still couldn't fix.",,10 de diciembre de 2021,Estados Unidos,3
Jon,"Great ""read""","I have Alexa read it to me in bed before sleep. Jim Dale, the narrator, does a super job. Fills in a lot not covered in the movie. Audible is a great Amazon product. I am not a book reader. So Audible allows me to ""read"" books that I never would have picked up otherwise.",,1 de diciembre de 2020,Estados Unidos,5
Colleen B.,Still no whispersync,"Still in 2022 - these books do not have whisper sync or audible narration between the audible and the kindle editions.
I also know it doesn't say whispersync on the Amazon page for the Potter books. But I echo other reviews that there really isn‚Äôt any good reason for it not to be available, and until a time as they enable it on this series I will not be changing my rating.",,9 de marzo de 2022,Estados Unidos,2
Tom Cat,Amazing voice work! Superior to Fry!,"All of these Audiobooks with Jim Dale are fantastic. The voices are especially good. I can't imagine a better Dumbledore or Hagrid, not even the actors come close the Dale's delivery. But honestly the best part of this audiobook is that he actually says Voldemort's name correctly! Having listened to every Dale entry in this series AND some Stephen Fry...Dale comes out far better. He really did his homework and put out an excellent audio adaptation. I listen to this series every long car trip, sometimes starting up Book 1 right after 7's ending. It's that good, folks.",2,1 de enero de 2016,Estados Unidos,5
Just Me,Abominable narration....,"Although I'm a Potterhead to the Nth degree, I found this audible version intolerable simply because of the narrator, Jim Dale. His entire cadence is off--terrible timing and worse pronunciation on some pretty important words (""bezoar,"" for example). I heard a sample of Stephen Fry's version, and he is worlds better! Unfortunately, I read somewhere that the Stephen Fry versions are not available in the US due to international copy restrictions or some such. I guess I'll keep my HP books in black-and-white, rather than listen to this.",3,21 de agosto de 2018,Estados Unidos,1
richard e whitelock,NO BODY DOES IT BETTER,"My two grand daughters, ages 6 and 11 (2018) teethed on Harry Potter books. Both can recite almost verbatim each character's lines. They know the stories inside out and take great pride in acting out multiple scenes. Their minds have been stimulated by listening and watching. Their success in school, especially in terms of reading and writing abilities have been greatly influenced by HP. Don't sell your kids short. These are wonderful, adventurous stories and they won't warp your kids' minds. These stories will expand their minds immeasurably.",,10 de agosto de 2018,Estados Unidos,5
J. Levario,Great for all ages!,"JK Rowling has managed to capture the imaginations of people of all ages. It came out when I was in high school. I liked it then and love it still today. Now that we have Fantastic Beasts to look forward to, the Original Harry Potter books will live on for more generations to come. I am playing this for my students now and they have never been more engaged with a book.",,20 de octubre de 2018,Estados Unidos,5
Aaron Miller,GET RID OF JIM DALE,"THIS IS AN ABSOLUTE CRAPSHOOT OF A PERFORMANCE. Jim Dale mispronounces multiple names/words, and lacks overall performace quality. Americans continue to ask for the Stephen Fry versions, with very good reason. I wish I had not wasted my time. How TF do you mispronounce VOLDEMORT?!",6,19 de octubre de 2018,Estados Unidos,1
Stephen,Amazing Audio Book!,This is a great purchase! Not only because the Harry Potter book is so good. But the voice acting done is incredible! This isn't just a guy reading a book. He does serious voice acting which brings the book to life!,,16 de abril de 2020,Estados Unidos,5
Mittens,Help,"I know this book is awesome. I want it downloaded on my audible so I can listen to it. All it will let me do is listen to the sample. There is no way for me to purchase the download. I wish that when purchasing a book or download, there was a button one could click other than free sample. It's torturous to read the sample and be left with no book. Then there are all of these instructions on downloading. They don't work. This happens whenever I purchase any book for my kindle or for audible. I just want the book. The free sample is annoying, forgive my rant, but this happens every time I want a new book. I should not have to complain. This is crazy. Put a button that says purchase and download. Free samples are like getting 1/8 of a cookie. The store is closed, but here is your crumb. Okay, I'll stop. Just please fix this. Thanks. Sorry for the long complaint. Just frustrating.",,12 de septiembre de 2017,Estados Unidos,5
Aaron,Emma's Review,"Imagine being 11 again, but this time you don't live with your parents but instead with your prude aunt and uncle. Then picture your world changing completely when a man twice the size of a normal person barges in to tell you that you're a famous wizard. And you're only 11. At that age, it wouldn't be too hard to believe but you still would never expect to find yourself in a completely different world full of witches and wizards, dragons and goblins as well as magic spells and curses. And on top of that, you find out you're famous? That's a lot to stack onto an 11-year-old but it starts the journey to an amazing life among wizards and spells and everything fantastic you can imagine. That's what Harry Potter is all about. I found this book to be exceptional and I enjoyed reading it thoroughly. I had seen all the movies several times but never put in the effort to read the book until now, and I'm glad I did. I found that I had missed out on a big chunk of the story and read all of the important details that producers can't include in movies. It opened up a new point of view for me in the Harry Potter world that I don't regret putting time into. The writing was wonderfully detailed and portrayed a fun and unique image in my mind which leaves me to wonder how J.K. Rowling came up with the idea to write the series in the first place? Not only is the story line so original and fascinating, but it has extreme detail and everything is included for a reason which ties into all the books in the series, not just the one. So it leaves me wondering just how she thought up all the detail and vivid imagery to create an entire seven book series which all books kept the reader intrigued and hungry for more. That takes true talent from a writer.",,28 de octubre de 2016,Estados Unidos,5
Bryan S. Quick,And Jim Dale does an excellent job at the naration for the entire series,"Rowling's classic tale of Harry Potter's journey into the magical world is worthy of being revisited many times. And Jim Dale does an excellent job at the naration for the entire series. His portrayal brings a new element to which you will feel right at home and will be enthralled to the point where will continue listening even after arriving at your destination. He is like one of the main characters in the book, to have anyone else read HP would be a disappointment. I enjoyed it so much that I am considering ordering the electronic version even though I have it on cassette.",,27 de noviembre de 2015,Estados Unidos,5
Lauren Bryant,Highly recomend,"I think we all know, that Harry Potter is a wonderful series. If you don't then I am a little concerned as to what rock you have been living under. But, I digress. I have read all of the Harry Potter books many times, but I chose this particular product because I had a long commute to work. This is a very good reading of an already fabulous book. The reader has a very smooth voice, is easy to understand, and can easily whisk you into an alternative reality. It made my commute a whole lot better.",,24 de julio de 2018,Estados Unidos,5
Jonathan Smith,Audiobook is of high quality,"Let's start with the story about a boy with a deadly adventure for a past and the joys of flying, friendship, & love in his near future. The book narrated by Jim Dale sews the epic pattern of J.K. Rowlin's coming of age magical adventure to perfection. This is a book I have listened to multiple times and have enjoyed it every time. A must have for anyone who enjoys investing their time, energy, and emotions in literature.",,2 de enero de 2019,Estados Unidos,5
candace byszewski,Excellent audio version,I was driving to Las Vegas from San Diego and listened to The Sorcerer's Stone. The book has so much more content than the movie and the narrator was superb!,,27 de octubre de 2020,Estados Unidos,5
Timothy H.,It‚Äôs Harry Potter,The Audible books are okay. If you read other reviews you‚Äôll see how people don‚Äôt like how the narrator voices some of the characters and I would agree sometimes it is a little cringe worthy. However it‚Äôs great if you‚Äôre busy doing something and still want to read Harry Potter. I listen to them when I drive to work and I honestly forget how the narrator sounds and I just end up getting drawn into Harry Potter.,,8 de enero de 2021,Estados Unidos,4
Sheryl Davison,Loved it! Have no complaints what so ever.,I seriously have no complaints about this! I throughly enjoyed it from beginning to end. If you close your eyes and listen sometimes the voices sound like the actors. Definitely listening to the 2nd book.,,2 de enero de 2020,Estados Unidos,5
Amazon Customer,I always used to hate reading when I was a kid but once I ...,"I got hooked on Harry Potter when it first came out, I think was in 4th grade. I always used to hate reading when I was a kid but once I got my hands on this I fell in love with reading. I been wanting to re-read the books but I have a busy work schedule now, so I decided to get the Audible version and I couldn't be happier! I can list to it while I work and it makes the work day more bearable. I really like the Narrator too, he does a lot different voices which makes it easy to differentiate the characters. His McGongall impression is spot on! Highly recommend.",,6 de junio de 2018,Estados Unidos,5
VeePhoenix,Perfection ü•∞,"Huge Harry Potter fan here! I have already read this book several times, but wanted to have the audio collection as well.",,24 de agosto de 2021,Estados Unidos,5
Madison,Amazing,"Loved it! I love Harry Potter in general, but I loved being able to listen to it while commuting to work every day!",,12 de septiembre de 2020,Estados Unidos,5
Gorilichis,One of the best audiobooks ever,I absolutely love this series. This is my first time reading the audiobook and Jim Dale is a wizard. Wonderful!,,28 de enero de 2022,Estados Unidos,5
David L Brewer,Pretty Good first time,"This was my first audio book, I wasn't sure how it was going to be. I really like the book, and how its presented.",,14 de julio de 2020,Estados Unidos,5
Aurora Knapp,Great speaker.,The speaker does such a great job articulating and really getting into the characters. At moments it felt like I was listening to the movies. Great audio book!,,12 de noviembre de 2018,Estados Unidos,5
Billy Roy,Not sure,I‚Äôve only had this few days really having trouble getting into it. I‚Äôm only doing it because my grandkids say it‚Äôs such a great series. Guess I‚Äôm too old,,20 de diciembre de 2019,Estados Unidos,4
A. Hanson,Amazing book!,I love every single part of this book. Ive read it a hundred times and it just keeps getting better. I now finally bought it on Audible so that I can listen to it as I get my daughter to sleep since I have no time to read books anymore. The speaker is male and has a nice voice.,,11 de agosto de 2018,Estados Unidos,5
Guillermo Hepburn Barnica,Hate the narrator,"I love the Harry Potter books, I really hated the narrator, specifically the way he tries really hard to make the voices of the character's",,13 de enero de 2022,Estados Unidos,2
merker12,Love this story.,LOVE THIS STORY!!!! üòÑ. I could read this story every day......in fact.....I just might!. üòÄ,,12 de julio de 2021,Estados Unidos,5
TJ#5,The series,It doesn't matter if you have all the movies or books. You should listen to the audible readings of the series. I love them all. I'm in my late 50's and just love listening to Jim Dale read them and his ability to do all the characters is amazing. I still wish I could live there. I always wanted to fly.,,15 de junio de 2021,Estados Unidos,5
J Me,unfortunate,jk rowliing his horribly transphobic and a completely unabashed terf.,,10 de enero de 2022,Estados Unidos,1
Nikki,We love this book! It is our second time listening as a family.,"Our family (kids are girls now 9&6) just live this book. We are relistening and loving it yet again! Thank you JK Rowling!
We have been having such fun playing Harry Potter trivia!",,1 de julio de 2019,Estados Unidos,5
G Baker-Cinnamon,Even better than the written book,"I was surprised how much I liked having the story read to me. I'd already read the book 3 times, but hearing it made it even more magical.",,23 de septiembre de 2019,Estados Unidos,5
Indigo Girl,Such a fantastic narrator! Loved this as much as the written format and the movies!!!,"While I have read the books and watched the movies multiple times, I recently bought the audio book to listen to during my train commute to work and also while traveling to Ireland. LOVED the book. The narrator is fantastic!!!",,26 de agosto de 2018,Estados Unidos,5
Kesare,Awesome,"I love this, the narrators voice is super relaxing and changes his style for different characters. I find myself looking forward to listening to this while walking instead of music",,13 de septiembre de 2019,Estados Unidos,5
xlalilamx,The book is better than the movie for sure,"I was never a fan of the movies. I was too busy for books when they came out, but now I am glad I have been able to listen to them. The way the books are read is really nice as well.",,1 de marzo de 2019,Estados Unidos,5
N N,What a great thing to have...,"This is what we play while we drive, kids prefer it over anything else (including movies).",,28 de septiembre de 2020,Estados Unidos,5
Samantha Locke,Amazing,"Listened to Harry Potter audiobooks when I was about 4 on cassette. I don‚Äôt have a cassette player anymore, so audible is perfect and I listen to books every night on my Echo Spot when I‚Äôm going to sleep!",,10 de enero de 2019,Estados Unidos,5
Keith D.,Harry Potter Fan!,"I read all the Harry Potter books when they were first published! My husband and I have been fans for a long time, having bought all the books, tapes, dvds , and movies. I guess we‚Äôre the biggest 70 year old fans of Harry Potter! I now read all my books on kindle...and decided I had to have my Harry Potter books on my device too. I‚Äôm also a fan of all J.K. Rowling‚Äôs latest books also.
Joyce Dial, Wichita",,11 de septiembre de 2019,Estados Unidos,5
Taylor Lewis,I want the narrator to follow me around all day,"At first thought of an audio book I rolled my eyes. Even though I love Harry and the gang, I was expecting this to put me to sleep. The narrator keeps things lively though with all the voices he does. It truly feels like you're in Hogwarts!",,12 de septiembre de 2018,Estados Unidos,5
Corinne,Not just for kids,Excellent series for low-stress enjoyment. I listen to this book on rotation with the rest of the series. Incredible story and Jim Dale‚Äôs voice is perfect for it!,,5 de febrero de 2019,Estados Unidos,5
HollygoLightly,Best Narrator Ever,"I love, love these books. The person who does the narration is awesome. I especially love his drunk witch voice! Makes me look forward to my 4 hour daily commute!",,27 de diciembre de 2019,Estados Unidos,5
ariel halperin,Love it,My son love this book. We just start the second book,,23 de julio de 2020,Estados Unidos,5
Gina Lucchesi,Amazing!,"I have been wanting to reread the Harry Potter series, but with an infant at home I haven't been able to find the time. This had been perfect to listen to in the car and while doing few things around the house. The reader does a great job with keeping you engaged and does a great job with the voices!",,18 de enero de 2020,Estados Unidos,5
KB,Made a Nice Gift,Made a Nice Gift,,11 de abril de 2021,Estados Unidos,5
Maria P,Love this book!!,I absolutely love this book!! Happy with purchase!!,,14 de abril de 2020,Estados Unidos,5
R. N.,Harry Potter Audiable,"I have quite a variety of audible books for my 3 Grandkids, and any ""Harry Potter"" books, are the best!",,25 de agosto de 2019,Estados Unidos,5
Donald Hopfe,What better way to relax than to listen instead of read,Since you can listen to it you can let your mind wonder and visualize the scenes in the story. It also is relaxing so if you fall asleep no need to worry.,,9 de agosto de 2021,Estados Unidos,4
John C. Cyr,It's Harry Potter,do you really need a review at this point? You've seen the movies a thousand times. Turn on your tv right now...it's on. It'll be on tomorrow. Six months from now? On. The books are better though and get better as the series goes on.,,11 de enero de 2019,Estados Unidos,5
Jean,Jim dale is an excellent narrator,"I have enjoyed the HP movies and I felt it was time to read the books (I‚Äôm a little bit behind, lol). Jim dale is an excellent narrator and really brought the book to life. This was also one of my first audiobooks and I‚Äôm now I‚Äôm love.",,5 de agosto de 2018,Estados Unidos,5
Robin,Love this book,"I love Harry Potter, Jim Dale the narrator is absolutely amazing.",,12 de mayo de 2020,Estados Unidos,5
Citizen_Four,Never Gets Old,"What can I say - awesome book, awesome performance (audiobook). A once in a lifetime story man. never gets old!",,12 de septiembre de 2021,Estados Unidos,5
Nad,HP Fan here,good read,,12 de agosto de 2020,Estados Unidos,5
Critical Analysist,Quality Still An Issue!,Only played once from Audible!,,24 de marzo de 2021,Estados Unidos,1
Sandie Forshag,Best yet,"I have read this book several times. I also have had this book on cd. The book is one of the very best. Jim Dales‚Äôs voice performance is phenomenal. And the Audible delivery is by far the easiest way to listen to any book. Especially when driving. No switching cd‚Äôs or tapes. So there you have it one of best books ever written, superbly read by incredible talent, delivered wirelessly in the safest and easiest to use delivery service",,3 de enero de 2019,Estados Unidos,5
M√≥nica Hern√°ndez,Distraction,I like this book is perfect if you need to distrac the main,,25 de mayo de 2020,Estados Unidos,3
gale a armstrong,great,great,,27 de julio de 2020,Estados Unidos,5
Jesse,Incredible first book of a Fantastic series,"This series of Harry Potter audiobooks read by Jim Dale are the best, he is the voice of these books and this incredibly well written series. By 7th book you are living Hogwarts and feel like you‚Äôre part of the wizarding world.",,13 de mayo de 2020,Estados Unidos,5
Brad Bollino,Fun Listen,"Great sound quality, very easy to listen to. No complaints at all, just as a fan might be nice to hear in an English accent to go with the writing style. But love reading/hearing these stories.",,18 de junio de 2018,Estados Unidos,5
Anne,"Great way to ""reread"" the series","Read the series and figured I would try the audio. I love it, the guy reading the book really gets the listener's attention. Also helps with how names, spells, and such are really pronounced. Great entertainment for long drives too. I love this book!",,1 de agosto de 2018,Estados Unidos,5
Terry,Great book,Great book,,9 de junio de 2020,Estados Unidos,5
Amazon Customer,A good book,We bought this product to listen in the car. Love Harry Potter.,,11 de julio de 2020,Estados Unidos,5
Kris,Great audio version!,"I love the variations in tone and voice in this audio recording. Much better than others I have encountered. Very intriguing to listen to, even though I've heard this story so many times!",,27 de septiembre de 2019,Estados Unidos,5
Jessica,Love it!,I live for Harry Potter so I was super happy to have this!,,14 de diciembre de 2019,Estados Unidos,5
Stenoe,Highly recommended,Excellent audiobook with fantastic narration.by Jim Dale. He creates different voices for each character and keeps the listener interested.,,10 de octubre de 2018,Estados Unidos,5
Monica,,,,9 de noviembre de 2020,Estados Unidos,5
mcollins,Harry Potter #1,"Love this series, great book for all ages. I have been very happy with the book.",,2 de septiembre de 2019,Estados Unidos,5
sara j reiff,Didn‚Äôt it!,Didn‚Äôt order!,,14 de abril de 2020,Estados Unidos,1
Tiandra M. Arredondo,As good as I remembered!,I really enjoyed the audiobook version of The Sorcerer's Stone! It was engaging and the narrator played the role superbly!,,15 de febrero de 2019,Estados Unidos,5
Lindsey McDonald,awesome narrator,The narrator is what makes this audio book worth purchasing. I've already read the series and I thoroughly enjoy listening to the narrator re-tell it.,,24 de mayo de 2019,Estados Unidos,5
Diane D.,Book for all ages.,Third reading. Once for self. Once with students. Once with granddaughter. Wonderful each time.,,15 de agosto de 2019,Estados Unidos,5
LBS,Better than the movies,Jim. Dale. Is. Perfection!!,,31 de diciembre de 2019,Estados Unidos,5
Campbells3,Perfect,"I love this series soo much, I was genuinely worried the audible version would ruin it for me. I was wrong! Jim Dale is an excellent narrator. I‚Äôm getting lost all over again in this magical world. Makes my commute fly by.",,15 de octubre de 2019,Estados Unidos,5
Kathleen,Loved the guys voice,Loved the Harry Potter books this guys voice is easy to listen too!,,22 de junio de 2019,Estados Unidos,5
Lisa A.,Love listening to this book over & over again!,I love listening to this book while I work!,,18 de enero de 2022,Estados Unidos,5
dagan,great,Jk Rowling has a great voice that gives the world enough description to create a world in your head but not enough that it feels completely static. She gives a lot of room for your imagination to go wild. I personally don‚Äôt find the theme of a secret world of wizard to be very interesting. But I found her style to be interesting even if the theme was not very interesting to me.,,5 de enero de 2019,Estados Unidos,5
Abseroo,The Audible version by Jim Dale is the best!,"I had so much fun listening to Jim Dale's performance of this book! His talent for accents and his ability to change nimbly between them all with each character in a conversation just made the book, which I had read at least twice before, come alive for me!",,24 de agosto de 2016,Estados Unidos,5
BlueNC1817,Great book,"Rereading it for the first time. Great book, well written, and even knowing the story it kept me turning the pages late into the night.",,11 de enero de 2019,Estados Unidos,5
Jean Pudlewski,Great way to get into a book when you're too busy to sit down and read.,"I loved the book and if I'm cleaning around the house or sitting down with a puzzle, the audio book is wonderful. I also really enjoy that it is read in a British accent. So much fun.",,2 de mayo de 2018,Estados Unidos,5
Anita,Fun read,"Well written, audio book was fun to listen to.",,9 de octubre de 2019,Estados Unidos,5
ChristinaGF,It Harry Potter so it great.,I love Harry Potter. I wanted to get something to listen to at work and on the bus that wasn't music. So I decided on the Harry Potter books.,,16 de mayo de 2019,Estados Unidos,5
Kerry Kott,Just do it!,Mind blowingly brilliant! The best book I've ever read.,,5 de noviembre de 2020,Estados Unidos,5
Greg Cook,Loved it. I read the book several years ago ...,Loved it. I read the book several years ago with my daughter and enjoyed listening to the audio book on a drive to the beach.,,19 de junio de 2018,Estados Unidos,5
Denise,I love these audio books,I love the story of Harry Potter and the guy that reads the books does an excellent job.,,17 de diciembre de 2018,Estados Unidos,5
Bill W.,Excellent!,Great narration of a wonderful story!,,16 de diciembre de 2020,Estados Unidos,5
JC,Books are better than movies,But audiobooks are even better!,,19 de agosto de 2019,Estados Unidos,4
Tom,Pleasant listening,Great voice,,12 de noviembre de 2019,Estados Unidos,4
Jocelynn Banchs,No Stephen Fry,It‚Äôs an alright listen if you‚Äôve never heard Fry‚Äôs Narration but if you‚Äôve grown up with the other it‚Äôll be a bit jarring,,3 de septiembre de 2018,Estados Unidos,4
B.navarre,JKR sucks,Nope,,1 de marzo de 2022,Estados Unidos,1
Sean Gross,The Book is better,"and a bit more basic in a good way. I now know what all the hype is about. I'm a Harry Potter fan now, already did the sorting hat on Pottermore. Huffle Puff",,9 de octubre de 2018,Estados Unidos,5
Ryan Greenbaum,First Harry Potter book on tape ‚Äî great purchase!,First time listening to a Harry Potter book on tape. Time to order the rest ‚Äî really enjoyed it. Kept me engaged the entire time,,3 de diciembre de 2018,Estados Unidos,5
Cait Williams,Give us the Choice between Stephen Fry and Jim Dale,"Jim Dale is a fine narrator, but we should have the option to purchase the Stephen Fry version via Audible in the US. I may live in America, but when reading a British novel, I want a British narrator.",4,25 de septiembre de 2016,Estados Unidos,3
Eric J,I started reading these because of my son,And fell in love with the series. The books get better as the go along!,,1 de mayo de 2019,Estados Unidos,4
Jenny,It‚Äôs a great book I wish I could use it.,Couldn‚Äôt download and it didn‚Äôt show up as a purchased item. Customer support didn‚Äôt return my messages. Highly frustrated.,,11 de abril de 2019,Estados Unidos,1
Living for Him,You must listen to this!,"He is the best audiobook performer out there, bar none. True Love you! Remarkable! He won a Grammy for this book. Can‚Äôt recommend enough. It‚Äôs my favorite way to experience the books.",,20 de diciembre de 2020,Estados Unidos,5
BloodyBoring,Woo-Hoo!,"It's Harry Potter in the car and through Alexa, what else can I say?",,19 de mayo de 2020,Estados Unidos,5
IsraelIsrael,"Very Veryah Goode Veryah, Veryah Funiyahhh. Veee Vee Ve Veryah.","Very Veryah Goode Veryah, Veryah Funiyahhh. Veee Vee Ve Veryah.",,6 de abril de 2019,Estados Unidos,5
Bobby humphrey,Can‚Äôt go wrong,Favorite book,,27 de enero de 2020,Estados Unidos,5
Aileen M. Lawrimore,wonderful,so easy to listen to and very enjoyable,,21 de octubre de 2019,Estados Unidos,5
AlanH,Horrible,Just horrible. Find something better written be someone better.,,28 de diciembre de 2021,Estados Unidos,1
James S,hate voice luv book,i hate this book. no efforts that is real was put in this audible book i hate it but i love that book plese sue this guy,,7 de febrero de 2021,Estados Unidos,1
Steel,Gold,What is there to not like?,,29 de junio de 2019,Estados Unidos,5
HappyPsalm,"Yes, Definitely!",Wonderful!!! We are greatly enjoying this audible selection as we drive as a family!,,26 de agosto de 2018,Estados Unidos,5
BEL,What a book!,So much fun! Made our commute with two kids each day so enjoyable!,,24 de noviembre de 2018,Estados Unidos,5
Olga,Harry Potter,Wonderful voice actor. Enjoyable to listen to.,,11 de febrero de 2019,Estados Unidos,5
Heidi Leibold,This book makes me so happy!,LOVE these books and am so happy that I can listen to it on my commute or down time.,,30 de junio de 2020,Estados Unidos,5
K. D. Wagner,Satisfying to the imagination in a world so devoid of new and fanciful one often feels starved.,"I had forgotten how delightful the book was, so deliciously rich in detail of the characters and their world. Take your time, savor each morsel of decadent pleasure.",,31 de octubre de 2020,Estados Unidos,5
Amazon Customer,Perfect audio book for a long ride with the kids.,"Absolutely a wonderful book as everyone in the world probably already knows. But hey, it's summer and when it comes to a family vacation, what better choice than taking Harry Potter along. If you've only experienced The Sorcerer's Stone in print or ebook, do yourself a favor, revisit J.K. Rowling in this Audible selection.",,8 de junio de 2018,Estados Unidos,5
Matthew,"of all the HP books,","of all the HP books, this one is the slowest and it takes the Voice Actor a while to hit his stride",,18 de mayo de 2018,Estados Unidos,4
Alli C,O,Pleased with this item,,27 de mayo de 2019,Estados Unidos,5
GARY,LISTEN TO THE ENTIRE SERIES YOU MUGGLES!,"HOW CAN YOU GO WRONG WITH HARRY POTTER?
LISTEN TO THE SERIES AND ENJOY LIFE!",,21 de junio de 2018,Estados Unidos,5
Dawn Brown,Good value,Loved listening to this.,,17 de mayo de 2019,Estados Unidos,5
Dale,Great story,Love the story,,2 de octubre de 2019,Estados Unidos,5
Silvia,five stars,I started reading harry potter a week ago and I am on book 4.If you are a 11 like me and like mystery and witchcraft this is the book for you(recomend the audible version),,29 de mayo de 2020,Estados Unidos,5
Sheridan Stall,PERFECT,"AMAZING, LOVE THE NARRATOR",,8 de noviembre de 2019,Estados Unidos,5
Melissa K,Easy listening,My boys and I love listening to the Harry Potter books. Jim Dale does a good job reading them. He has a voice that is easy to listen to and he changes his voice for each character.,,8 de diciembre de 2018,Estados Unidos,5
Emma Gabbert,wonderful!,love the voice!,,5 de enero de 2020,Estados Unidos,5
Erin,STEREOTYPES,The book in general is terrible. It focuses on stereotypes and sorts people by stem types. The Slytherins are always the bad guys and Gryffindor is always the ‚Äúhero.‚Äù,,20 de junio de 2019,Estados Unidos,1
Ann,Harry Harry Harry,Love me some Harry Potter and being able to listen while I still get stuff done is great.,,13 de abril de 2018,Estados Unidos,5
Smawkward,Won‚Äôt regret downloading!,"Narrator does a fantastic job! Wanted to re-read the books, but just don‚Äôt have time with my work commute! So glad I downloaded!",,6 de enero de 2019,Estados Unidos,5
rui valverde,Price,Good,,8 de julio de 2019,Estados Unidos,5
AMBER,books > movies,"It is a new classic! An icon of my generation. The work is well written, with amazing details. The movies are nothing in comparison to the actual book.",,23 de junio de 2020,Estados Unidos,5
Andie,Super happy,Love it!,,14 de noviembre de 2020,Estados Unidos,5
Linda,have not been able to play the book yet,unable to open and play the book don't know what's wrong. but that is why I Haven't gotten more,,3 de mayo de 2021,Estados Unidos,1
Andrea Reed,Great read,Loved hearing this book:) the reader was great and put so much enthusiasm in reading it that I didn't want to stop listening:),,8 de abril de 2021,Estados Unidos,5
Kathleen Anderson,üëç,üëç,,28 de abril de 2019,Estados Unidos,5
Vicky Glover,A,A,,30 de diciembre de 2019,Estados Unidos,5
Samantha,"Loved it as a kid, but‚Ä¶",Joanne Rowling is transphobic and it‚Äôs such a bummer.,,4 de septiembre de 2021,Estados Unidos,1
Ronald D. Whitmont,Still a Great Read (or listen),"Timeless, witty, enormously entertaining, even on the 3rd re-read, many years later!",,2 de agosto de 2019,Estados Unidos,5
Aishah,Great Book love it!,I love Harry Potter all of the books are great!,,18 de abril de 2020,Estados Unidos,5
sam douglas,Narrator was amazing and really stepped into the character roles.,"I loved this book! Harry Potter is great anyway, but this narrator really brought the book to life. He stepped into the character roles and had different voices for each character. I felt like I could close my eyes and see and hear exactly what the book was describing. 100% recommend!",,21 de marzo de 2019,Estados Unidos,5
michael burnett,Feed your imagination through listening.,"What else can be said about this book that hundreds of thousands of people haven‚Äôt said before, world wide. This is an exciting adventure which the words fill the readers‚Äô imagination from beginning to end.",,30 de marzo de 2019,Estados Unidos,5
aval,Narrator is Great!,I love the narrator. He does voices for all the characters and really helps me get into the story.,,5 de junio de 2018,Estados Unidos,5
Hturnmire,Loved,Listened on a road trip,,27 de noviembre de 2018,Estados Unidos,5
shar,Love it,Amazing narration,,4 de mayo de 2019,Estados Unidos,5
Kathy,Great series,Love the series,,29 de diciembre de 2018,Estados Unidos,5
Sarah Hunter,Love this book,Love this book! The narrator does a fabulous job reading the story! I listen to this anytime I am in the car or as I go to sleep.,,21 de septiembre de 2017,Estados Unidos,5
James R Derr,Great book,Great book,,11 de agosto de 2020,Estados Unidos,5
Vick,Love it,Love it. I listened to this while driving.,,16 de octubre de 2019,Estados Unidos,5
Timeladyjojo,Love these Harry Potter audio books!,Love these audio books! Jim Dale is awesome with his different voices for the different characters,,27 de octubre de 2018,Estados Unidos,5
Kimberly Kidman,Great book!,Excellent!,,26 de enero de 2020,Estados Unidos,5
Amazon Customer,"Story is fabulous, Narrator is only so so.","I love the Harry Potter Series as a whole I really do. The reason I gave this a 3 star is that Audible didn't use Stephen Fry as the Narrator. I currently have this series in audio book from years ago. And have been waiting for years for Audible to make it available as well, and was so excited that they finally did until I saw and heard that they went with a different narrator. Yes this guy is British, but his story telling is a bit rushed and he just doesn't tell the story as well as Stephen Fry does. So because of this I will be sticking with the copy I have instead of switching to this version.",,29 de diciembre de 2015,Estados Unidos,3
Kait,Amazing,It‚Äôs Harry Potter. How can it not be good,,25 de julio de 2020,Estados Unidos,5
Marty Olson,Excellent,Well read,,2 de septiembre de 2020,Estados Unidos,5
Amanda H,Easy listening,Love the book!,,16 de noviembre de 2018,Estados Unidos,5
Mackenzie Holloway,Harry Potter!,Just what I wanted,,25 de julio de 2019,Estados Unidos,5
Josh A. Hinkle,Great Audible,"Some of.the accents are interesting, but overall a very good read.",,9 de agosto de 2019,Estados Unidos,5
Suze,road,good listening,,3 de noviembre de 2018,Estados Unidos,5
Xander,Yes,"Only got for nostalgic purposes.
Always worth it. 10/10",,8 de julio de 2019,Estados Unidos,5
Kristin,Amazing,My favorite book of the series,,15 de agosto de 2018,Estados Unidos,5
Happy Reading & Watching,Love harry potter!!!,Live love this book and the audio is amazing!,,11 de noviembre de 2018,Estados Unidos,5
Seongwon Lee,bleh! horrible!,"before i read it, i thought it would be fun. but after reading it, it turns out it was worse than i thought. i think its because im not really a fantasy kinda guy.",,19 de agosto de 2019,Estados Unidos,1
Nick Z,Harry Potter,Amazing book with a great narrator.,,28 de junio de 2018,Estados Unidos,5
Corey Gerberdolan,Good voice,Easy to drive too.,,25 de diciembre de 2019,Estados Unidos,5
Morgan Brannon,if you don't like Harry Potter theres something wrong with you,"obviously love harry potter, obviously love this book, even better when I can multitask and still listen",,5 de junio de 2019,Estados Unidos,5
Garry Maurath,great voices,"I really enjoyed listening, the reader was very experienced and did a wonderful job bringing the book to life. The only Problem I experienced was some difficulty getting the book to download to the device of my choice.",,25 de enero de 2019,Estados Unidos,5
Amazon Customer,Great!!,Love. Harry Potter read by Jim Dale!!,,22 de junio de 2021,Estados Unidos,5
Porter Lunak,Love the book,Love the book,,28 de octubre de 2018,Estados Unidos,5
brittany mills,Really enjoyed,"Loved this book and i really enjoyed getting to listening to
It in the car",,30 de septiembre de 2018,Estados Unidos,5
midorino,Good voice actor,Perfect for the car rides,,1 de julio de 2018,Estados Unidos,5
Mullet the fisherman,great,great,,3 de octubre de 2018,Estados Unidos,4
Maria David,Great deal,I got this book for free as a credit for being a Prime member. It's another great way to enjoy the Harry Potter series. The narrator did a marvelous job!,,27 de octubre de 2018,Estados Unidos,5
Teodor Georgiev,Good narration,"Good, whimsical narration. Easy to follow with the story. Will remind you what it was like being 11 or whenever you read these books.",,21 de septiembre de 2018,Estados Unidos,5
Becky Gombert,Loved the suspense!,"So creative, there was always something new around the next corner! Cant wait to finish Book2!",,30 de julio de 2020,Estados Unidos,5
EC Erhardt,Didn‚Äôt know Harry Potter could be so good!,The narration on this version makes the biok super enjoyable.,,26 de febrero de 2019,Estados Unidos,5
DJ Droll,this is a book,i ordered the movie an when i was watching with my kids voldamort cut of harrys testicles was amazing but my kids cut theirs thinking the would go to Hogwarts,,25 de febrero de 2020,Estados Unidos,5
donald murphy jr,just love it,so very cool,,29 de agosto de 2018,Estados Unidos,5
TheKristii,JK Rowling + Jim Dale = REAL MAGIC,JK Rowling + Jim Dale = REAL MAGIC,,30 de enero de 2019,Estados Unidos,5
Amazon Customer,This is an amazing series and I had waited years to listen to ...,This is an amazing series and I had waited years to listen to them in the audio book format. I was so disappointed that I returned this and the others: Jim Dale's voice is unbearable. Maybe I'm just particular but people with a lot of saliva and who make a lot of extraneous sound with their mouth while they speak I find gratinfly irritating. Made it more than half way through before I gave up. Absolutely awful.,,8 de marzo de 2017,Estados Unidos,1
olivia dowd,Love it,Love it,,12 de enero de 2019,Estados Unidos,5
robert m jedding,Good book,Good book,,25 de agosto de 2019,Estados Unidos,5
Melissa C Colgrove,Great narrator,"Great listen, love narrator",,22 de noviembre de 2018,Estados Unidos,5
Ashta,Love,Love,,4 de noviembre de 2019,Estados Unidos,5
Freda Hammond,Good,Very good quality,,17 de octubre de 2020,Estados Unidos,5
Lindsay R.,Can't wait until my kids are old enough to read it,classic book,,4 de junio de 2018,Estados Unidos,5
jennifer hornyak,Very well read and a great story,The person that read the book did a good job. I liked that he used different voices for the different characters in the book.,,16 de enero de 2020,Estados Unidos,5
whitney davidson,Five Stars,love this book,,15 de mayo de 2018,Estados Unidos,5
Are you a Wizard!,Kids will love listening to these stories.,"I love these stories, Jim Dale does a fantastic job reading them he does a voice for each character so you feel like you are literally in the world of Harry Potter. You will want to listen to them over and over again.üëçüëç",,26 de marzo de 2019,Estados Unidos,5
Matthew Halkos,Shortest book,"The series is amazing! But even as an audiobook, this novel goes quick. Make sure you have book 2 maybe even 3 ready to go as you will finish soon.",,7 de agosto de 2018,Estados Unidos,5
JustinS,The absolute best!!,The narrator in these novels is awesome! Perfect for this series.,,15 de mayo de 2019,Estados Unidos,5
Rachel,Great narrator!,The narrator was amazing with his voices which kept the book very engaging.,,30 de septiembre de 2021,Estados Unidos,5
MLL,Wonderful British narrator,Love hearing Jim Dale bring this book to life...wonderful!!!,,5 de septiembre de 2018,Estados Unidos,5
Simon Magus,The reader is amazing!,So much fun and great for trips!,,20 de enero de 2019,Estados Unidos,5
Henry Harsel,amazing,LOVE everything about being read this and his voices for characters. great,,3 de diciembre de 2020,Estados Unidos,5
Amazon Customer,Good book,Love it but it‚Äôs so long,,13 de mayo de 2020,Estados Unidos,5
Jose Collazo,Five Stars,good,,12 de junio de 2018,Estados Unidos,5
Samantha Finkbonner,Love it.,You can never go wrong with Harry Potter!,,4 de febrero de 2019,Estados Unidos,5
Lisa,Narrator voice did not put me to sleep he actually kept me engaged with the story,Followed the book perfectly.,,12 de enero de 2020,Estados Unidos,5
Kindle Customer,audible is great,it is audible and Harry with good narration.,,26 de marzo de 2018,Estados Unidos,5
Potter Fan,"Engaging story, work of a genius and great for all ages!",Whenever my children ages 10 and 7 and I go on car rides we listen to this wonderful story. The great think about it is you can listen to it over and over and it is constantly revealing things I never noticed before.,,21 de agosto de 2018,Estados Unidos,5
robert e kyle,Five Stars,A+,,17 de mayo de 2018,Estados Unidos,5
Lindsey,He loves it,my son absolutely loved listened to it nonstop and is now begging for the next one,,12 de marzo de 2022,Estados Unidos,5
Ashley,Good listening,I love the narrator for this series,,12 de enero de 2020,Estados Unidos,5
jessika,Amazing book,Amazing,,30 de junio de 2020,Estados Unidos,5
Stephanie,No brainer,"I mean, it is Harry Potter.",,22 de enero de 2019,Estados Unidos,5
AM,Great listen for a long car ride.,Easy to download on Audible app. Listened to the book on a long car ride.,,15 de septiembre de 2018,Estados Unidos,5
Lisa Cheney Williams,Very good book and reader!,"I love that the reader had a change to the tone expressing excitement, etc. I listened to it on a long drive. It was far less boring because of the audiobook!",,6 de septiembre de 2018,Estados Unidos,5
Sherri Gotori,Love Harry Potter Audiobook,I love everything about this. I drive a long distance to and from work. Listening to these stories makes the drive bearable. And Jim Dale is an excellent narrator!,,12 de julio de 2019,Estados Unidos,5
Isaiah Kennard,Absolutely Magical and Breathtaking,Absolutely Magical and Breathtaking,,26 de febrero de 2022,Estados Unidos,5
Cherish,Jim Dale is the best.,I listen to this series on repeat. Jim Dale is amazing.,,22 de septiembre de 2019,Estados Unidos,5
Amazon Customer,"movie did book justice, but I'm glad I heard entire story.",Narrator was excellent and kept my attention throughout entire book.,,11 de agosto de 2020,Estados Unidos,5
Portia Lassiter,Love it,I love listening to Tim Curry read. He has a great accent.,,30 de diciembre de 2020,Estados Unidos,5
michael arellano,Awesome,Love the book .... now I love the audiobook,,12 de septiembre de 2020,Estados Unidos,5
roberta herzog,Takes me back to the movie,Loved the audio book just like the hardcovers.,,21 de febrero de 2019,Estados Unidos,5
Gettysburg Shopper,Excellent narration of a fun read.,Excellent narration/presentation by Jim Dale. The audiobook adds an extra dimension to a well-loved book. Wonderful addition to my Harry Potter book collection.,,5 de abril de 2018,Estados Unidos,5
Dulce Rendon,Love love love Harry Potter!,I can't wait to hear the rest of the Harry Potter books! I love the movies! Love the books even more!!,,13 de mayo de 2019,Estados Unidos,5
Carla,Five Stars,The BEST way to pass time in a long road trip with kids...Harry Potter read by Jim Dale....phenomenal,,17 de junio de 2018,Estados Unidos,5
Amazon Customer,Amazon for the win,Exactly as described,,22 de diciembre de 2019,Estados Unidos,5
Sam widmaier,I LOVE THIS BOOK!!!!!!,Ilove this book these are the best books I have ever read! If you have never read these books you should read them!!!!!!!!! J.K. Rowling is a very talented person.,,5 de marzo de 2020,Estados Unidos,5
Amanda Davis,"Jim Dale is a fantastic reader, and I absolutely love the convenience‚Äã of ...","Jim Dale is a fantastic reader, and I absolutely love the convenience‚Äã of being able to listen to this story on the go. Love it!",,4 de enero de 2016,Estados Unidos,5
lisa,Acessibilty,Ease,,27 de marzo de 2020,Estados Unidos,5
Bird_Bear,Great narrator!,Great narrator. My kids and I loved listening to it. Didn‚Äôt sound monotone or robotic.,,13 de enero de 2020,Estados Unidos,5
Wowitworks,Great edition,Great reading,,11 de agosto de 2018,Estados Unidos,5
Fiacre Marco,Nice for reading when traveling.,It's a nice book and it's easy to read.,,13 de diciembre de 2020,Estados Unidos,4
Tara,Harry Potter - One of the best stories of all time!!!,I love everything about Harry Potter (Books 1-7)and I wanted to listen to all of the books again!,,4 de mayo de 2019,Estados Unidos,5
Kimberly Hickman,LOVE,This is the beginning of the best series ever!!,,10 de octubre de 2019,Estados Unidos,5
Amazon Customer,Love,"Perfect love the voices, isn't dry to listen to",,3 de mayo de 2019,Estados Unidos,5
Nancy,Great,Loved it,,15 de noviembre de 2018,Estados Unidos,5
M.Baum,Review,Everything was good fast steady,,25 de agosto de 2019,Estados Unidos,5
deborah k arnot,Fun,"Enjoyed listening to it to and from work, also while cleaning.",,30 de agosto de 2018,Estados Unidos,5
Danielle,Five Stars,I wish Jim Dale could narrate my life.,,26 de septiembre de 2018,Estados Unidos,5
Loruloves,"Audio book, ready to listen.",Love it!,,1 de diciembre de 2020,Estados Unidos,5
AW,Love this book!,We‚Äôve listened to this more than once on a long road trip. Excellent book!,,28 de octubre de 2018,Estados Unidos,5
Frank R. Shelden,Amazing series,MAGIC.... enough said,,19 de diciembre de 2021,Estados Unidos,5
Kevin,Awesome Book I've Read !,Overall excellent work. Loved the book so much!,,13 de agosto de 2019,Estados Unidos,5
Carie,Well done,It was very well read. He did amazingly with the voice variations.,,26 de octubre de 2019,Estados Unidos,5
JcG,"Forget the movie, hear the book!",What a great book. Loved listening to an English accent telling it. Great substitute to radio at work!,,12 de septiembre de 2019,Estados Unidos,5
Louisa Bautista,Very interesting,I love reading this book.,,18 de mayo de 2020,Estados Unidos,5
Alyssa Ryan,Five Stars,loved it,,19 de junio de 2018,Estados Unidos,5
little-debbie,Great Audio book,Great Audio book well performed.,,6 de noviembre de 2016,Estados Unidos,5
tabitha french,Wonderful,"Love this narrator, so enchanting.",,17 de abril de 2019,Estados Unidos,5
101st AIRBORNE (NAM 1966-68),Five Stars,Its Harry Potter.,,19 de abril de 2018,Estados Unidos,5
Matt,Jim Dale does the best reading,"Great audiobook, amazing reader",,25 de junio de 2018,Estados Unidos,5
Chris Bishop,Addictive,"My first audiobook through Audible. I wanted something fun. This hit the spot. Now, I‚Äôm hooked and have to listen to the whole series.",,13 de marzo de 2019,Estados Unidos,5
Jayme L Brown,This audiobook is great!,Great!!!!,,29 de junio de 2020,Estados Unidos,5
Michele B,Love it! I can listen to it back to back and it never gets old.,It's magical to revisit the world of Harry Potter with Jim Dale.,,16 de junio de 2019,Estados Unidos,5
Debby Warren,Harry Potter,I liked the book very much.,,12 de noviembre de 2019,Estados Unidos,4
Claire Allison,WICKED,It‚Äôs Harry Potter so obviously it was awesome ‚ö°Ô∏è I loved the narrations. He does lots of voices and doesn‚Äôt speak too slow or too fast. It made my 12-hour drive fly by *insert obvious broomstick joke here*!,,13 de agosto de 2018,Estados Unidos,5
elaine harklau,I am not able to run it on my kindle,This is very disappointing since I am not able to use it on my Kindle.,,17 de abril de 2019,Estados Unidos,1
Cory Semonsen,Five Stars,Listening to this in the car with my daughter. No more asking to watch shows on the iPad!,,4 de mayo de 2018,Estados Unidos,5
Kim,Loved this audiobook,Great audiobook.,,5 de abril de 2019,Estados Unidos,5
Chris Soukup,no,i want book,,10 de agosto de 2018,Estados Unidos,5
C MCDERMOTT,Great listen,Jim Dale is a great narrator for the Harry Potter series.,,19 de noviembre de 2019,Estados Unidos,5
MOHD,Great,Great,,9 de diciembre de 2019,Estados Unidos,5
Grace Thomson,Always amazing. Every time you listen.,Having read this as a child it is still an amazing book that I love to go back to just to remember what it was like.,,18 de noviembre de 2018,Estados Unidos,5
Amazon Customer,Five Stars,I just love harry potter so I assume the books are great ;),,17 de marzo de 2018,Estados Unidos,5
Cynthia A. Teel,Great book,Enjoyed listening to the book.,,17 de julio de 2019,Estados Unidos,5
Marinda,Love this book,Love!,,26 de agosto de 2018,Estados Unidos,5
Kristen K.,As fun to listen to as read and watch!,Harry will always be my favorite wizard!,,8 de agosto de 2019,Estados Unidos,5
GoofyBicycle23,Running Imagination!,Absolutely love this book! I will buy all of them!,,2 de noviembre de 2018,Estados Unidos,5
Zgray0905,Good,Great listen,,28 de agosto de 2019,Estados Unidos,5
Mary Elizabeth Griffin,Great to revisit as an adult,I loved this audiobook. I listened to it before bed every night and it was wonderful.,,21 de agosto de 2018,Estados Unidos,5
Hannah,Great,10/10 would recommend,,18 de diciembre de 2019,Estados Unidos,5
Lauren,!!!!,Loved it,,1 de febrero de 2019,Estados Unidos,5
nathan,Great book,Big fan of the movies and books so it‚Äôs just great to listen to them as I work,,13 de marzo de 2019,Estados Unidos,5
MJ Kinsler,Awesome,Wonderful!,,27 de diciembre de 2019,Estados Unidos,5
Ross,Jim Dale has a gift for telling a story,Loved the audiobook! I listened to it on a road trip with my daughter. We have a new tradition! Book 2 already purchased for the next trip.,,2 de septiembre de 2018,Estados Unidos,5
Kindle Customer,üòä,The book keeps you interested the whole time.,,12 de agosto de 2019,Estados Unidos,5
Adelyn Jones,A great escape!,One of the most entertaining books I‚Äôve ever read.,,8 de diciembre de 2018,Estados Unidos,5
Amanda S.,Like it very much,Love reading the book but it was nice to have it read to me with the narrators different voices,,20 de septiembre de 2018,Estados Unidos,5
Johan Prada,Great Interpretation,I loved the way its read to you. It really makes it live and imaginative,,9 de febrero de 2019,Estados Unidos,5
PlasmaLV,Great to listen to... my second time through it,"I have seen the movies, I have read the books... but listening to Harry Potter on Audible is my favorite potter time!",,4 de junio de 2018,Estados Unidos,5
VortexDragonfly,Great first book,Great introductory read to the series.,,16 de octubre de 2018,Estados Unidos,4
Catherine,One Star,Seem to get only a few minutes of the audio book,,19 de abril de 2018,Estados Unidos,1
Amazon Customer,Excellent,Excellent narration,,11 de julio de 2018,Estados Unidos,5
Tribhawan S.G.,Great Easy book to listen to,It‚Äôs a book on tape and easy to understand,,29 de octubre de 2018,Estados Unidos,5
Benjamin Ferrante,Five Stars,I really enjoyed this audio book.,,9 de febrero de 2016,Estados Unidos,5
Misty Nicole Kerby,Best reader!,We enjoyed listening to the reader. Best we have heard so far.,,8 de abril de 2018,Estados Unidos,5
Kelly Sheridan,Great storytelling,I love the enthusiasm of the reader!! It really brought life to the story.,,15 de enero de 2020,Estados Unidos,5
Faith Bryan,Love,I‚Äôve always loved this book. Jim Dale does a great job narrating.,,22 de septiembre de 2018,Estados Unidos,5
Amber Jackson,Captivating story,Awesome audiobook while traveling across the country with a car full!!,,18 de junio de 2018,Estados Unidos,5
Isabelle Snortheim,Five Stars,Good book!!,,13 de julio de 2018,Estados Unidos,5
Elaine Barrie,How do u download and audio book,I can't figure out how to download the audible version of the book. I have the app already.,,25 de julio de 2017,Estados Unidos,1
TGarcia,Awesome story of magic!,"The narrator, Jim Dale does a wonderful job telling this story.",,13 de septiembre de 2018,Estados Unidos,5
Anna M Barbay,I love Harry Potter he is my favorite person and he ...,I love Harry Potter he is my favorite person and he is a very good actor and I love the books,,1 de mayo de 2018,Estados Unidos,5
Amazon Customer,Best book ever.,Great book one of my favorite books.,,7 de septiembre de 2018,Estados Unidos,5
Callie Walker,Great book!,My son is enjoying!,,25 de enero de 2019,Estados Unidos,5
mary,Great,Just got what we wanted!,,1 de enero de 2019,Estados Unidos,5
Samantha,Great story!,Love this book!!!!,,3 de enero de 2019,Estados Unidos,5
samuel bates,Great narrator!,Loved it!,,8 de enero de 2019,Estados Unidos,5
Lisa Adame,Five Stars,Very well read!! Even comes with the book to follow along,,17 de mayo de 2018,Estados Unidos,5
Debora,Five Stars,This is a fun Audible book and such a must-have for book reading enthusiasts.,,27 de octubre de 2017,Estados Unidos,5
Toni Festerman,Good read,Great book,,5 de agosto de 2018,Estados Unidos,5
Amazon Customer,Great,Great narration,,5 de octubre de 2018,Estados Unidos,5
Milo,Narrator,The narrator is incredible!,,21 de agosto de 2018,Estados Unidos,5
Rob C.,Tragic twist,Really sad that Harry dies.,,26 de mayo de 2018,Estados Unidos,5
Keianna W.,Harry Potter books are one of my favorite,It‚Äôs very good!!,,29 de junio de 2018,Estados Unidos,5
Amazon Customer,Five Stars,"A classic for sure, absolutely adore it!",,8 de diciembre de 2017,Estados Unidos,5
Tiffany,Five Stars,Excellent,,1 de agosto de 2017,Estados Unidos,5
Kaylene Peacock,Cool,Very well read,,7 de julio de 2018,Estados Unidos,5
e susan galvin,Five Stars,Good book,,31 de mayo de 2016,Estados Unidos,5
Not a douche,Five Stars,It‚Äôs just that good.,,4 de diciembre de 2017,Estados Unidos,5
Allison,$24. 99 are you kidding me! I already ...,$24.99 are you kidding me! I already spent a ton getting the books on my kindle.,,25 de noviembre de 2015,Estados Unidos,1
Heather PBJ,Gryffinder and Voldemore? What's up with all the mispronounced words?,"LOVE the Harry Potter books, but Jim Dales does NOT do them justice. His narration of the non-dialogue parts is quite good, but his character voices are not. And the fact that he mispronounces MANY of the words - it's gryffinDOR and VoldemorT - annoys me to no end. I wish Audible offered the Stephen Fry version.",,9 de octubre de 2021,Estados Unidos,3
Mark Rath,Really enjoyable and engaging,The narrator does an absolutely amazing job voicing for the plethora of characters. Very enjoyable to listen to. I have really enjoyed listening to this on car trips.,,16 de septiembre de 2021,Estados Unidos,5
Stephen Maloney,awome!,"I did't think Harry Potter would be so good at first. I had a friend that loved it so I thout I should give it a try. I like the
.part where he first meets Ron. I think it was cool how Harry lerned all of thoes spells.",,9 de septiembre de 2020,Estados Unidos,5
Raelyn Gable,Love this book,Love that I can have this read to me while I‚Äôm driving! Love all things HP!,,7 de agosto de 2019,Estados Unidos,5
Dear There,My Using experience on this earphones,My Using experience on this earphonesMy Using experience on this earphonesMy Using experience on this earphones,,8 de mayo de 2020,Estados Unidos,5
Dear There,,,,,,5
Maribel,Love,Love it,,12 de septiembre de 2020,Estados Unidos,5
Steve,Fantastic!,"Great to listen to while I am on my treadmill. I forget that I am on it. I can see why kids can't wait to see what happens next. It draws you in. This book alone, might convince me to sign up for Audible.",,26 de agosto de 2020,Estados Unidos,5
Jasmine,It's good,"I loved it, no dislikes",,5 de noviembre de 2020,Estados Unidos,5
Terri A. Griffin,Must Read Series,"Even if you've seen the movies, these books are great to read or listen to. I purchased the audiobook and it didn't disappoint.",,1 de noviembre de 2020,Estados Unidos,5
Wee Shubba @ Wee Shubba's World.,Stephen Fry is just pure genius,"**Originally posted on ""Wee Shubba's World""*
If you haven't heard of Harry Potter then seriously? Where have you been?? Harry Potter has been a massive part of my life since I was a kid. I grew up on these books and the movies. By the time the last book came out I had a kid of my own. Who is now obsessed with Harry Potter himself.
I received the audio book for review a while ago. And I kept putting off listening to it because I struggle at times with audiobooks. However, after being pestered by my 9 year old to listen to it after he was looking through my phone. I decided we would listen to it together. And I regret leaving it so long. The audiobook was quite simply magical.
You all know the story of Harry Potter. The boy wizard. Sent to live with his aunt and uncle. Grew up not knowing who he really was. Then off to Hogwarts where he befriends Ron and Hermonie. And the trio go on magical adventures that could ""get them killed. Or worse Expelled"" (lol. I couldn't resist, and don't lie you totally said that in Hermonies voice)
Harry Potter and the Philosophers stones is where is all starts. You are drawn into this book from the page. I have reread my copy so many times that its falling apart. So by having Stephen Fry as the narrator just makes this perfect. His voice just works perfectly with the story. And he gets right into character. Some audiobook narrators just come across as dull, flat like a robot. Stephen Fry just make this book stand out even more than it already does.
My 9 year old fell in love with the audiobook. He was only a baby when I read him the book so he didn't remember it. So it seeing his reaction to was magical in itself and made me so happy that he was enjoying it. Seeing the pure joy in his face actually made me jealous because you only get to experience that feeling with the a new book once. And I don't think he would have experienced that pure joy reading the book alone. It was all in the story telling of the pure genius that is, Stephen Fry.
I highly recommend the audio book to everyone. Whether you have read the books or not. However, it needs to be the Stephen Fry editions. He just makes them all the more enjoyable and easier to listen to.",,4 de julio de 2016,el Reino Unido,5
